INSERT INTO QUOTE_MASTER (QUOTE_MASTER_ID, QUOTE_ID, QUOTE_NAME, QUOTE_OPTION_ID, QUOTE_OPTION_NAME, CUSTOMER_ID, CUSTOMER_NAME, SOURCE_SYSTEM, CUSTOMER_MORE_INFO, SALES_CHANNEL_ID, SALES_CHANNEL_NAME, SALES_CHANNEL_TYPE, CURRENCY, TIER, CONTRACT_VALUE, CONTRACT_LENGTH, ALTERNATE_CONTACT, WIN_CHANCE, CREATED_BY_EIN, CREATED_BY_EMAIL, CREATED_USER, CREATED_DATE, MODIFIED_USER, MODIFIED_DATE) VALUES ('QUOTE_MASTER_ID_1','QUOTE_ID_1', 'TEST QUOTE', 'QUOTE_OPTION_ID_1', 'TEST QUOTE_OPTION', 'CUSTOMER_1', 'TEST CUSTOMER', 'rSQE', 'More info abt the customer', 'SALES_CHANNEL_1', 'TEST SALES CHANNEL', 'DIRECT', 'GBP', 'Non-Standard', '20000', '12', 'alternateContact@bt.com', '60%', 'INITIAL LOAD', 'INITIAL LOAD', 'INITIAL LOAD', sysdate, 'INITIAL LOAD', sysdate)//

INSERT INTO REQUEST_MASTER (REQUEST_ID, REQUEST_NAME, QUOTE_MASTER_ID, PRODUCT_CATEGORY_CODE, PRODUCT_CATEGORY_NAME, TEMPLATE_CODE, TEMPLATE_NAME, TEMPLATE_VERSION, WORK_FLOW_TYPE, EVALUATED_MODE, OUTPUT_DESC, RESPONSE_TYPE, CONFIGURATION_TYPE, IS_REUSABLE, SPECIAL_BID_CATEGORY, US_TAX_CATEGORY, DATA_BUILD_REQUIRED, DATA_BUILD_COMPLETED, EXPECTED_RESPONSE_TIME, STATE, PUBLIC_URL, ATTACHMENTS, BILL_DESCRIPTION, DETAILED_RESPONSE, ALERT_EMAIL_ADDRESS, IS_ALERT_ON_APPROVAL_ONLY, ALERT_MESSAGE, IS_VPN_DATA_REQD, IS_COTC_VISIBLE, COMMENTS, CREATED_USER, CREATED_DATE, MODIFIED_USER, MODIFIED_DATE) VALUES ('1', 'TEST REQUEST', 'QUOTE_MASTER_ID_1', 'H0301101', 'Internet Connect Global', 'SB00004', 'Non-Standard Port Speed - Extended Reach UK - Evaluated', 'V1.1', 'EVALUATED', 'MANUAL', 'This is default output description.', 'None', 'Port', 'Y', 'Port', 'Special Bid 12 - Professional/Consulting Services', 'Y', 'N', '30/04/2016', 'progressing', 'www.publicurl.com', 'sharepoint.attachments.com', 'This is sample bill description for a request.', 'This is sample detailed response.', 'aler@email.com', 'Y', 'This is sample alert message.', 'Y', 'Y', NULL, 'INITIAL LOAD', SYSDATE, 'INITIAL LOAD', SYSDATE)//
INSERT INTO REQUEST_MASTER (REQUEST_ID, REQUEST_NAME, QUOTE_MASTER_ID, PRODUCT_CATEGORY_CODE, PRODUCT_CATEGORY_NAME, TEMPLATE_CODE, TEMPLATE_NAME, TEMPLATE_VERSION, WORK_FLOW_TYPE, EVALUATED_MODE, OUTPUT_DESC, RESPONSE_TYPE, CONFIGURATION_TYPE, IS_REUSABLE, SPECIAL_BID_CATEGORY, US_TAX_CATEGORY, DATA_BUILD_REQUIRED, DATA_BUILD_COMPLETED, EXPECTED_RESPONSE_TIME, STATE, PUBLIC_URL, ATTACHMENTS, BILL_DESCRIPTION, DETAILED_RESPONSE, ALERT_EMAIL_ADDRESS, IS_ALERT_ON_APPROVAL_ONLY, ALERT_MESSAGE, IS_VPN_DATA_REQD, IS_COTC_VISIBLE, COMMENTS, CREATED_USER, CREATED_DATE, MODIFIED_USER, MODIFIED_DATE) VALUES ('2', 'TEST REQUEST', 'QUOTE_MASTER_ID_1', 'H0301101', 'Internet Connect Global', 'SB00004', 'Non-Standard Port Speed - Extended Reach UK - Evaluated', 'V1.1', 'EVALUATED', 'MANUAL', 'This is default output description.', 'None', 'Port', 'Y', 'Port', 'Special Bid 12 - Professional/Consulting Services', 'Y', 'N', '30/04/2016', 'committed', 'www.publicurl.com', 'sharepoint.attachments.com', 'This is sample bill description for a request.', 'This is sample detailed response.', 'aler@email.com', 'Y', 'This is sample alert message.', 'Y', 'Y', NULL, 'INITIAL LOAD', SYSDATE, 'INITIAL LOAD', SYSDATE)//

INSERT INTO REQUEST_SITE(REQUEST_SITE_ID, REQUEST_ID, SITE_ID, SITE_NAME, COUNTRY_NAME, COUNTRY_ISO_ALPHA2_CODE, CREATED_USER, CREATED_DATE, MODIFIED_USER, MODIFIED_DATE) VALUES ('REQUEST_SITE_ID_1', '1', 'SITE_ID_1', 'TEST SITE', 'India', 'IN', 'INITIAL LOAD', SYSDATE, 'INITIAL LOAD', SYSDATE)//

INSERT INTO USER_PRODUCT (USER_ID,PRODUCT_CATEGORY_CODE,CREATED_USER,CREATED_DATE) VALUES ('608044000','H0301101','Initial Load',sysdate)//
INSERT INTO USER_PRODUCT (USER_ID,PRODUCT_CATEGORY_CODE,CREATED_USER,CREATED_DATE) VALUES ('608143048','H0301101','Initial Load',sysdate)//
INSERT INTO USER_PRODUCT (USER_ID,PRODUCT_CATEGORY_CODE,CREATED_USER,CREATED_DATE) VALUES ('607866849','H0301101','Initial Load',sysdate)//

INSERT INTO USER_GROUP (USER_ID,EVALUATOR_GROUP_ID,PRODUCT_CATEGORY_CODE,CREATED_USER,CREATED_DATE) VALUES ('608044000','61','H0301101',NULL,NULL)//
INSERT INTO USER_GROUP (USER_ID,EVALUATOR_GROUP_ID,PRODUCT_CATEGORY_CODE,CREATED_USER,CREATED_DATE) VALUES ('608044000','53','H0301101',NULL,NULL)//
INSERT INTO USER_GROUP (USER_ID,EVALUATOR_GROUP_ID,PRODUCT_CATEGORY_CODE,CREATED_USER,CREATED_DATE) VALUES ('608044000','21','H0301101',NULL,NULL)//
INSERT INTO USER_GROUP (USER_ID,EVALUATOR_GROUP_ID,PRODUCT_CATEGORY_CODE,CREATED_USER,CREATED_DATE) VALUES ('608044000','68','H0301101',NULL,NULL)//
INSERT INTO USER_GROUP (USER_ID,EVALUATOR_GROUP_ID,PRODUCT_CATEGORY_CODE,CREATED_USER,CREATED_DATE) VALUES ('608044000','74','H0301101',NULL,NULL)//
INSERT INTO USER_GROUP (USER_ID,EVALUATOR_GROUP_ID,PRODUCT_CATEGORY_CODE,CREATED_USER,CREATED_DATE) VALUES ('608044000','36','H0301101',NULL,NULL)//
INSERT INTO USER_GROUP (USER_ID,EVALUATOR_GROUP_ID,PRODUCT_CATEGORY_CODE,CREATED_USER,CREATED_DATE) VALUES ('608044000','73','H0301101',NULL,NULL)//
INSERT INTO USER_GROUP (USER_ID,EVALUATOR_GROUP_ID,PRODUCT_CATEGORY_CODE,CREATED_USER,CREATED_DATE) VALUES ('608044000','76','H0301101',NULL,NULL)//
INSERT INTO USER_GROUP (USER_ID,EVALUATOR_GROUP_ID,PRODUCT_CATEGORY_CODE,CREATED_USER,CREATED_DATE) VALUES ('608044000','92','H0301101',NULL,NULL)//
INSERT INTO USER_GROUP (USER_ID,EVALUATOR_GROUP_ID,PRODUCT_CATEGORY_CODE,CREATED_USER,CREATED_DATE) VALUES ('608044000','47','H0301101',NULL,NULL)//
INSERT INTO USER_GROUP (USER_ID,EVALUATOR_GROUP_ID,PRODUCT_CATEGORY_CODE,CREATED_USER,CREATED_DATE) VALUES ('608044000','29','H0301101',NULL,NULL)//
INSERT INTO USER_GROUP (USER_ID,EVALUATOR_GROUP_ID,PRODUCT_CATEGORY_CODE,CREATED_USER,CREATED_DATE) VALUES ('608044000','23','H0301101',NULL,NULL)//
INSERT INTO USER_GROUP (USER_ID,EVALUATOR_GROUP_ID,PRODUCT_CATEGORY_CODE,CREATED_USER,CREATED_DATE) VALUES ('608044000','11','H0301101',NULL,NULL)//
INSERT INTO USER_GROUP (USER_ID,EVALUATOR_GROUP_ID,PRODUCT_CATEGORY_CODE,CREATED_USER,CREATED_DATE) VALUES ('608044000','4','H0301101',NULL,NULL)//
INSERT INTO USER_GROUP (USER_ID,EVALUATOR_GROUP_ID,PRODUCT_CATEGORY_CODE,CREATED_USER,CREATED_DATE) VALUES ('608044000','3','H0301101',NULL,NULL)//
INSERT INTO USER_GROUP (USER_ID,EVALUATOR_GROUP_ID,PRODUCT_CATEGORY_CODE,CREATED_USER,CREATED_DATE) VALUES ('608044000','2','H0301101',NULL,NULL)//
INSERT INTO USER_GROUP (USER_ID,EVALUATOR_GROUP_ID,PRODUCT_CATEGORY_CODE,CREATED_USER,CREATED_DATE) VALUES ('608044000','1','H0301101',NULL,NULL)//
INSERT INTO USER_GROUP (USER_ID,EVALUATOR_GROUP_ID,PRODUCT_CATEGORY_CODE,CREATED_USER,CREATED_DATE) VALUES ('608143048','61','H0301101',NULL,NULL)//
INSERT INTO USER_GROUP (USER_ID,EVALUATOR_GROUP_ID,PRODUCT_CATEGORY_CODE,CREATED_USER,CREATED_DATE) VALUES ('608143048','53','H0301101',NULL,NULL)//
INSERT INTO USER_GROUP (USER_ID,EVALUATOR_GROUP_ID,PRODUCT_CATEGORY_CODE,CREATED_USER,CREATED_DATE) VALUES ('608143048','21','H0301101',NULL,NULL)//
INSERT INTO USER_GROUP (USER_ID,EVALUATOR_GROUP_ID,PRODUCT_CATEGORY_CODE,CREATED_USER,CREATED_DATE) VALUES ('608143048','68','H0301101',NULL,NULL)//
INSERT INTO USER_GROUP (USER_ID,EVALUATOR_GROUP_ID,PRODUCT_CATEGORY_CODE,CREATED_USER,CREATED_DATE) VALUES ('608143048','74','H0301101',NULL,NULL)//
INSERT INTO USER_GROUP (USER_ID,EVALUATOR_GROUP_ID,PRODUCT_CATEGORY_CODE,CREATED_USER,CREATED_DATE) VALUES ('608143048','36','H0301101',NULL,NULL)//
INSERT INTO USER_GROUP (USER_ID,EVALUATOR_GROUP_ID,PRODUCT_CATEGORY_CODE,CREATED_USER,CREATED_DATE) VALUES ('608143048','73','H0301101',NULL,NULL)//
INSERT INTO USER_GROUP (USER_ID,EVALUATOR_GROUP_ID,PRODUCT_CATEGORY_CODE,CREATED_USER,CREATED_DATE) VALUES ('608143048','76','H0301101',NULL,NULL)//
INSERT INTO USER_GROUP (USER_ID,EVALUATOR_GROUP_ID,PRODUCT_CATEGORY_CODE,CREATED_USER,CREATED_DATE) VALUES ('608143048','92','H0301101',NULL,NULL)//
INSERT INTO USER_GROUP (USER_ID,EVALUATOR_GROUP_ID,PRODUCT_CATEGORY_CODE,CREATED_USER,CREATED_DATE) VALUES ('608143048','47','H0301101',NULL,NULL)//
INSERT INTO USER_GROUP (USER_ID,EVALUATOR_GROUP_ID,PRODUCT_CATEGORY_CODE,CREATED_USER,CREATED_DATE) VALUES ('608143048','29','H0301101',NULL,NULL)//
INSERT INTO USER_GROUP (USER_ID,EVALUATOR_GROUP_ID,PRODUCT_CATEGORY_CODE,CREATED_USER,CREATED_DATE) VALUES ('608143048','23','H0301101',NULL,NULL)//
INSERT INTO USER_GROUP (USER_ID,EVALUATOR_GROUP_ID,PRODUCT_CATEGORY_CODE,CREATED_USER,CREATED_DATE) VALUES ('608143048','11','H0301101',NULL,NULL)//
INSERT INTO USER_GROUP (USER_ID,EVALUATOR_GROUP_ID,PRODUCT_CATEGORY_CODE,CREATED_USER,CREATED_DATE) VALUES ('608143048','4','H0301101',NULL,NULL)//
INSERT INTO USER_GROUP (USER_ID,EVALUATOR_GROUP_ID,PRODUCT_CATEGORY_CODE,CREATED_USER,CREATED_DATE) VALUES ('608143048','3','H0301101',NULL,NULL)//
INSERT INTO USER_GROUP (USER_ID,EVALUATOR_GROUP_ID,PRODUCT_CATEGORY_CODE,CREATED_USER,CREATED_DATE) VALUES ('608143048','2','H0301101',NULL,NULL)//
INSERT INTO USER_GROUP (USER_ID,EVALUATOR_GROUP_ID,PRODUCT_CATEGORY_CODE,CREATED_USER,CREATED_DATE) VALUES ('608143048','1','H0301101',NULL,NULL)//
INSERT INTO USER_GROUP (USER_ID,EVALUATOR_GROUP_ID,PRODUCT_CATEGORY_CODE,CREATED_USER,CREATED_DATE) VALUES ('607866849','61','H0301101',NULL,NULL)//
INSERT INTO USER_GROUP (USER_ID,EVALUATOR_GROUP_ID,PRODUCT_CATEGORY_CODE,CREATED_USER,CREATED_DATE) VALUES ('607866849','53','H0301101',NULL,NULL)//
INSERT INTO USER_GROUP (USER_ID,EVALUATOR_GROUP_ID,PRODUCT_CATEGORY_CODE,CREATED_USER,CREATED_DATE) VALUES ('607866849','21','H0301101',NULL,NULL)//
INSERT INTO USER_GROUP (USER_ID,EVALUATOR_GROUP_ID,PRODUCT_CATEGORY_CODE,CREATED_USER,CREATED_DATE) VALUES ('607866849','68','H0301101',NULL,NULL)//
INSERT INTO USER_GROUP (USER_ID,EVALUATOR_GROUP_ID,PRODUCT_CATEGORY_CODE,CREATED_USER,CREATED_DATE) VALUES ('607866849','74','H0301101',NULL,NULL)//
INSERT INTO USER_GROUP (USER_ID,EVALUATOR_GROUP_ID,PRODUCT_CATEGORY_CODE,CREATED_USER,CREATED_DATE) VALUES ('607866849','36','H0301101',NULL,NULL)//
INSERT INTO USER_GROUP (USER_ID,EVALUATOR_GROUP_ID,PRODUCT_CATEGORY_CODE,CREATED_USER,CREATED_DATE) VALUES ('607866849','73','H0301101',NULL,NULL)//
INSERT INTO USER_GROUP (USER_ID,EVALUATOR_GROUP_ID,PRODUCT_CATEGORY_CODE,CREATED_USER,CREATED_DATE) VALUES ('607866849','76','H0301101',NULL,NULL)//
INSERT INTO USER_GROUP (USER_ID,EVALUATOR_GROUP_ID,PRODUCT_CATEGORY_CODE,CREATED_USER,CREATED_DATE) VALUES ('607866849','92','H0301101',NULL,NULL)//
INSERT INTO USER_GROUP (USER_ID,EVALUATOR_GROUP_ID,PRODUCT_CATEGORY_CODE,CREATED_USER,CREATED_DATE) VALUES ('607866849','47','H0301101',NULL,NULL)//
INSERT INTO USER_GROUP (USER_ID,EVALUATOR_GROUP_ID,PRODUCT_CATEGORY_CODE,CREATED_USER,CREATED_DATE) VALUES ('607866849','29','H0301101',NULL,NULL)//
INSERT INTO USER_GROUP (USER_ID,EVALUATOR_GROUP_ID,PRODUCT_CATEGORY_CODE,CREATED_USER,CREATED_DATE) VALUES ('607866849','23','H0301101',NULL,NULL)//
INSERT INTO USER_GROUP (USER_ID,EVALUATOR_GROUP_ID,PRODUCT_CATEGORY_CODE,CREATED_USER,CREATED_DATE) VALUES ('607866849','11','H0301101',NULL,NULL)//
INSERT INTO USER_GROUP (USER_ID,EVALUATOR_GROUP_ID,PRODUCT_CATEGORY_CODE,CREATED_USER,CREATED_DATE) VALUES ('607866849','4','H0301101',NULL,NULL)//
INSERT INTO USER_GROUP (USER_ID,EVALUATOR_GROUP_ID,PRODUCT_CATEGORY_CODE,CREATED_USER,CREATED_DATE) VALUES ('607866849','3','H0301101',NULL,NULL)//
INSERT INTO USER_GROUP (USER_ID,EVALUATOR_GROUP_ID,PRODUCT_CATEGORY_CODE,CREATED_USER,CREATED_DATE) VALUES ('607866849','2','H0301101',NULL,NULL)//
INSERT INTO USER_GROUP (USER_ID,EVALUATOR_GROUP_ID,PRODUCT_CATEGORY_CODE,CREATED_USER,CREATED_DATE) VALUES ('607866849','1','H0301101',NULL,NULL)//

INSERT INTO REQUEST_EVALUATOR (REQUEST_EVALUATOR_ID,REQUEST_ID,EVALUATOR_GROUP_ID,EVALUATOR_GROUP_NAME,STATE,RESPONSE,ACCEPTED_BY,ACCEPTED_DATE,CLOSED_BY,CLOSED_DATE,CURRENCY,STATUS,CREATED_USER,CREATED_DATE,MODIFIED_USER,MODIFIED_DATE) values ('1','1','61','Config Team','created','None',null,null,null,null,null,'ACTIVE',null,null,null,null)//
INSERT INTO REQUEST_EVALUATOR (REQUEST_EVALUATOR_ID,REQUEST_ID,EVALUATOR_GROUP_ID,EVALUATOR_GROUP_NAME,STATE,RESPONSE,ACCEPTED_BY,ACCEPTED_DATE,CLOSED_BY,CLOSED_DATE,CURRENCY,STATUS,CREATED_USER,CREATED_DATE,MODIFIED_USER,MODIFIED_DATE) values ('2','1','11','ICG Network Planning - MASTER','created','None',null,null,null,null,null,'ACTIVE',null,null,'608044000',to_timestamp('08-JAN-16 04.42.41.495000000 PM','DD-MON-RR HH.MI.SS.FF AM'))//
INSERT INTO REQUEST_EVALUATOR (REQUEST_EVALUATOR_ID,REQUEST_ID,EVALUATOR_GROUP_ID,EVALUATOR_GROUP_NAME,STATE,RESPONSE,ACCEPTED_BY,ACCEPTED_DATE,CLOSED_BY,CLOSED_DATE,CURRENCY,STATUS,CREATED_USER,CREATED_DATE,MODIFIED_USER,MODIFIED_DATE) values ('3','1','21','Network Planning - Core','created','None',null,null,null,null,null,'ACTIVE',null,null,'608044000',to_timestamp('21-JAN-16 07.25.25.480000000 PM','DD-MON-RR HH.MI.SS.FF AM'))//
INSERT INTO REQUEST_EVALUATOR (REQUEST_EVALUATOR_ID,REQUEST_ID,EVALUATOR_GROUP_ID,EVALUATOR_GROUP_NAME,STATE,RESPONSE,ACCEPTED_BY,ACCEPTED_DATE,CLOSED_BY,CLOSED_DATE,CURRENCY,STATUS,CREATED_USER,CREATED_DATE,MODIFIED_USER,MODIFIED_DATE) values ('4','1','53','Network Design','created','None',null,null,null,null,null,'ACTIVE',null,null,'608044000',to_timestamp('11-JAN-16 07.52.26.546000000 PM','DD-MON-RR HH.MI.SS.FF AM'))//

INSERT INTO REQUEST_EVALUATOR_SITE(REQUEST_EVALUATOR_SITE_ID, REQUEST_EVALUATOR_ID, SITE_ID, SITE_NAME, COUNTRY_NAME, COUNTRY_ISO_ALPHA2_CODE, CREATED_USER, CREATED_DATE, MODIFIED_USER, MODIFIED_DATE) VALUES ('1', '1', 'SITE_ID_1', 'TEST SITE', 'India', 'IN', 'INITIAL LOAD', SYSDATE, 'INITIAL LOAD', SYSDATE)//
INSERT INTO REQUEST_EVALUATOR_SITE(REQUEST_EVALUATOR_SITE_ID, REQUEST_EVALUATOR_ID, SITE_ID, SITE_NAME, COUNTRY_NAME, COUNTRY_ISO_ALPHA2_CODE, CREATED_USER, CREATED_DATE, MODIFIED_USER, MODIFIED_DATE) VALUES ('2', '2', 'SITE_ID_1', 'TEST SITE', 'India', 'IN', 'INITIAL LOAD', SYSDATE, 'INITIAL LOAD', SYSDATE)//
INSERT INTO REQUEST_EVALUATOR_SITE(REQUEST_EVALUATOR_SITE_ID, REQUEST_EVALUATOR_ID, SITE_ID, SITE_NAME, COUNTRY_NAME, COUNTRY_ISO_ALPHA2_CODE, CREATED_USER, CREATED_DATE, MODIFIED_USER, MODIFIED_DATE) VALUES ('3', '3', 'SITE_ID_1', 'TEST SITE', 'India', 'IN', 'INITIAL LOAD', SYSDATE, 'INITIAL LOAD', SYSDATE)//
INSERT INTO REQUEST_EVALUATOR_SITE(REQUEST_EVALUATOR_SITE_ID, REQUEST_EVALUATOR_ID, SITE_ID, SITE_NAME, COUNTRY_NAME, COUNTRY_ISO_ALPHA2_CODE, CREATED_USER, CREATED_DATE, MODIFIED_USER, MODIFIED_DATE) VALUES ('4', '4', 'SITE_ID_1', 'TEST SITE', 'India', 'IN', 'INITIAL LOAD', SYSDATE, 'INITIAL LOAD', SYSDATE)//

INSERT INTO REQUEST_EVALUATOR_PRICE_GROUP (REQUEST_EVALUATOR_PG_ID, REQUEST_EVALUATOR_SITE_ID, PRICE_GROUP_TYPE, PRICE_GROUP_DESC, ONE_OFF_RECOMMENDED_RETAIL, RECURRING_RECOMMENDED_RETAIL, NRC_PRICE_TO_PARTNER, RC_PRICE_TO_PARTNER, ONE_OFF_COST, RECURRING_COST,STATUS, CREATED_USER, CREATED_DATE, MODIFIED_USER, MODIFIED_DATE) values ('1','1','Primary','Access','1','1','1','1','1','1','ACTIVE', 'INITIAL LOAD', SYSDATE, 'INITIAL LOAD', SYSDATE)//
INSERT INTO REQUEST_EVALUATOR_PRICE_GROUP (REQUEST_EVALUATOR_PG_ID, REQUEST_EVALUATOR_SITE_ID, PRICE_GROUP_TYPE, PRICE_GROUP_DESC, ONE_OFF_RECOMMENDED_RETAIL, RECURRING_RECOMMENDED_RETAIL, NRC_PRICE_TO_PARTNER, RC_PRICE_TO_PARTNER, ONE_OFF_COST, RECURRING_COST,STATUS, CREATED_USER, CREATED_DATE, MODIFIED_USER, MODIFIED_DATE) values ('2','1','Secondary','Port','2','2','2','2','2','2','ACTIVE', 'INITIAL LOAD', SYSDATE, 'INITIAL LOAD', SYSDATE)//
INSERT INTO REQUEST_EVALUATOR_PRICE_GROUP (REQUEST_EVALUATOR_PG_ID, REQUEST_EVALUATOR_SITE_ID, PRICE_GROUP_TYPE, PRICE_GROUP_DESC, ONE_OFF_RECOMMENDED_RETAIL, RECURRING_RECOMMENDED_RETAIL, NRC_PRICE_TO_PARTNER, RC_PRICE_TO_PARTNER, ONE_OFF_COST, RECURRING_COST,STATUS, CREATED_USER, CREATED_DATE, MODIFIED_USER, MODIFIED_DATE) values ('3','2','Primary','Access','5','5','5','5','5','5','ACTIVE', 'INITIAL LOAD', SYSDATE, 'INITIAL LOAD', SYSDATE)//
INSERT INTO REQUEST_EVALUATOR_PRICE_GROUP (REQUEST_EVALUATOR_PG_ID, REQUEST_EVALUATOR_SITE_ID, PRICE_GROUP_TYPE, PRICE_GROUP_DESC, ONE_OFF_RECOMMENDED_RETAIL, RECURRING_RECOMMENDED_RETAIL, NRC_PRICE_TO_PARTNER, RC_PRICE_TO_PARTNER, ONE_OFF_COST, RECURRING_COST,STATUS, CREATED_USER, CREATED_DATE, MODIFIED_USER, MODIFIED_DATE) values ('4','2','Secondary','Port','6','6','6','6','6','6','ACTIVE', 'INITIAL LOAD', SYSDATE, 'INITIAL LOAD', SYSDATE)//
INSERT INTO REQUEST_EVALUATOR_PRICE_GROUP (REQUEST_EVALUATOR_PG_ID, REQUEST_EVALUATOR_SITE_ID, PRICE_GROUP_TYPE, PRICE_GROUP_DESC, ONE_OFF_RECOMMENDED_RETAIL, RECURRING_RECOMMENDED_RETAIL, NRC_PRICE_TO_PARTNER, RC_PRICE_TO_PARTNER, ONE_OFF_COST, RECURRING_COST,STATUS, CREATED_USER, CREATED_DATE, MODIFIED_USER, MODIFIED_DATE) values ('5','3','Primary','Access','1','1','1','1','1','1','ACTIVE', 'INITIAL LOAD', SYSDATE, 'INITIAL LOAD', SYSDATE)//
INSERT INTO REQUEST_EVALUATOR_PRICE_GROUP (REQUEST_EVALUATOR_PG_ID, REQUEST_EVALUATOR_SITE_ID, PRICE_GROUP_TYPE, PRICE_GROUP_DESC, ONE_OFF_RECOMMENDED_RETAIL, RECURRING_RECOMMENDED_RETAIL, NRC_PRICE_TO_PARTNER, RC_PRICE_TO_PARTNER, ONE_OFF_COST, RECURRING_COST,STATUS, CREATED_USER, CREATED_DATE, MODIFIED_USER, MODIFIED_DATE) values ('6','3','Secondary','Port','1','1','1','1','1','1','ACTIVE', 'INITIAL LOAD', SYSDATE, 'INITIAL LOAD', SYSDATE)//
INSERT INTO REQUEST_EVALUATOR_PRICE_GROUP (REQUEST_EVALUATOR_PG_ID, REQUEST_EVALUATOR_SITE_ID, PRICE_GROUP_TYPE, PRICE_GROUP_DESC, ONE_OFF_RECOMMENDED_RETAIL, RECURRING_RECOMMENDED_RETAIL, NRC_PRICE_TO_PARTNER, RC_PRICE_TO_PARTNER, ONE_OFF_COST, RECURRING_COST,STATUS, CREATED_USER, CREATED_DATE, MODIFIED_USER, MODIFIED_DATE) values ('7','4','Primary','Access','1','1','1','1','1','1','ACTIVE', 'INITIAL LOAD', SYSDATE, 'INITIAL LOAD', SYSDATE)//
INSERT INTO REQUEST_EVALUATOR_PRICE_GROUP (REQUEST_EVALUATOR_PG_ID, REQUEST_EVALUATOR_SITE_ID, PRICE_GROUP_TYPE, PRICE_GROUP_DESC, ONE_OFF_RECOMMENDED_RETAIL, RECURRING_RECOMMENDED_RETAIL, NRC_PRICE_TO_PARTNER, RC_PRICE_TO_PARTNER, ONE_OFF_COST, RECURRING_COST,STATUS, CREATED_USER, CREATED_DATE, MODIFIED_USER, MODIFIED_DATE) VALUES ('8','4','Secondary','Port','1','1','1','1','1','1','ACTIVE', 'INITIAL LOAD', SYSDATE, 'INITIAL LOAD', SYSDATE)//
