Insert into ROLE_TYPE_MASTER (ROLE_TYPE_ID,ROLE_TYPE_NAME,CREATED_DATE,CREATED_USER,MODIFIED_DATE,MODIFIED_USER) values (1,'Direct',SYSDATE,'Initial Load',SYSDATE,'Initial Load')//
Insert into ROLE_TYPE_MASTER (ROLE_TYPE_ID,ROLE_TYPE_NAME,CREATED_DATE,CREATED_USER,MODIFIED_DATE,MODIFIED_USER) values (2,'Indirect',SYSDATE,'Initial Load',SYSDATE,'Initial Load')//

Insert into USER_MASTER (USER_ID,USER_NAME,FIRST_NAME,LAST_NAME,JOB_TITLE,EMAIL_ID,PHONE_NUMBER,ROLE_TYPE_ID,ACTIVE,LAST_LOGIN,LOCATION,MOBILE,CREATED_DATE,CREATED_USER,MODIFIED_DATE,MODIFIED_USER) values ('608143048','Mittal Patel','Mittal','Patel','Network Planner','mittal.2.patel@bt.com','9538952503',1,'Y',null,null,null,SYSDATE,'Initial Load',SYSDATE,'Initial Load')//
Insert into USER_MASTER (USER_ID,USER_NAME,FIRST_NAME,LAST_NAME,JOB_TITLE,EMAIL_ID,PHONE_NUMBER,ROLE_TYPE_ID,ACTIVE,LAST_LOGIN,LOCATION,MOBILE,CREATED_DATE,CREATED_USER,MODIFIED_DATE,MODIFIED_USER) values ('607866849','Vivek Singh','Vivek','Singh','Configuration Planner','vivek.22.singh@bt.com','9538952503',1,'Y',null,null,null,SYSDATE,'Initial Load',SYSDATE,'Initial Load')//
Insert into USER_MASTER (USER_ID,USER_NAME,FIRST_NAME,LAST_NAME,JOB_TITLE,EMAIL_ID,PHONE_NUMBER,ROLE_TYPE_ID,ACTIVE,LAST_LOGIN,LOCATION,MOBILE,CREATED_DATE,CREATED_USER,MODIFIED_DATE,MODIFIED_USER) values ('608044000','Navrang Shekhawat','Navrang','Shekhawat','Core Network Planner','navrang.shekhawat@bt.com','9886788974',1,'Y',null,null,null,SYSDATE,'Initial Load',SYSDATE,'Initial Load')//
Insert into USER_MASTER (USER_ID,USER_NAME,FIRST_NAME,LAST_NAME,JOB_TITLE,EMAIL_ID,PHONE_NUMBER,ROLE_TYPE_ID,ACTIVE,LAST_LOGIN,LOCATION,MOBILE,CREATED_DATE,CREATED_USER,MODIFIED_DATE,MODIFIED_USER) values ('608058748','Swapna Nagarajan','Swapna','Nagarajan','Core Network Planner','swapna.2.nagarajan@bt.com','9886788974',1,'Y',null,null,null,SYSDATE,'Initial Load',SYSDATE,'Initial Load')//

Insert into ROLE_GROUP_MASTER (ROLE_GROUP_ID,ROLE_GROUP_NAME,ROLE_GROUP_DESC,ACTIVE,CREATED_DATE,MODIFIED_DATE) values (1,'NRM','Non-standard Request Management','Y',SYSDATE,SYSDATE)//
Insert into ROLE_GROUP_MASTER (ROLE_GROUP_ID,ROLE_GROUP_NAME,ROLE_GROUP_DESC,ACTIVE,CREATED_DATE,MODIFIED_DATE) values (2,'CQM','Customer Quote Management','Y',SYSDATE,SYSDATE)//
Insert into ROLE_GROUP_MASTER (ROLE_GROUP_ID,ROLE_GROUP_NAME,ROLE_GROUP_DESC,ACTIVE,CREATED_DATE,MODIFIED_DATE) values (3,'EPM','Enterprise Portfolio Master','Y',SYSDATE,SYSDATE)//
Insert into ROLE_GROUP_MASTER (ROLE_GROUP_ID,ROLE_GROUP_NAME,ROLE_GROUP_DESC,ACTIVE,CREATED_DATE,MODIFIED_DATE) values (4,'CSPMF','Common Services Product Master File','Y',SYSDATE,SYSDATE)//

Insert into ROLE_MASTER (ROLE_ID,ROLE_NAME,ROLE_TYPE_ID,ROLE_GROUP_ID,ACTIVE,CREATED_DATE,CREATED_USER,MODIFIED_DATE,MODIFIED_USER) values (1,'Deal Architect',1,2,'Y',SYSDATE,'Initial Load',SYSDATE,'Initial Load')//
Insert into ROLE_MASTER (ROLE_ID,ROLE_NAME,ROLE_TYPE_ID,ROLE_GROUP_ID,ACTIVE,CREATED_DATE,CREATED_USER,MODIFIED_DATE,MODIFIED_USER) values (2,'Order Entry Team',1,2,'Y',SYSDATE,'Initial Load',SYSDATE,'Initial Load')//
Insert into ROLE_MASTER (ROLE_ID,ROLE_NAME,ROLE_TYPE_ID,ROLE_GROUP_ID,ACTIVE,CREATED_DATE,CREATED_USER,MODIFIED_DATE,MODIFIED_USER) values (3,'CP User',2,2,'Y',SYSDATE,'Initial Load',SYSDATE,'Initial Load')//
Insert into ROLE_MASTER (ROLE_ID,ROLE_NAME,ROLE_TYPE_ID,ROLE_GROUP_ID,ACTIVE,CREATED_DATE,CREATED_USER,MODIFIED_DATE,MODIFIED_USER) values (4,'Super User',1,2,'Y',SYSDATE,'Initial Load',SYSDATE,'Initial Load')//
Insert into ROLE_MASTER (ROLE_ID,ROLE_NAME,ROLE_TYPE_ID,ROLE_GROUP_ID,ACTIVE,CREATED_DATE,CREATED_USER,MODIFIED_DATE,MODIFIED_USER) values (5,'Billing Dispute Raiser',1,2,'Y',SYSDATE,'Initial Load',SYSDATE,'Initial Load')//
Insert into ROLE_MASTER (ROLE_ID,ROLE_NAME,ROLE_TYPE_ID,ROLE_GROUP_ID,ACTIVE,CREATED_DATE,CREATED_USER,MODIFIED_DATE,MODIFIED_USER) values (6,'Regional Order Manager',1,2,'Y',SYSDATE,'Initial Load',SYSDATE,'Initial Load')//
Insert into ROLE_MASTER (ROLE_ID,ROLE_NAME,ROLE_TYPE_ID,ROLE_GROUP_ID,ACTIVE,CREATED_DATE,CREATED_USER,MODIFIED_DATE,MODIFIED_USER) values (7,'Sales User',1,2,'Y',SYSDATE,'Initial Load',SYSDATE,'Initial Load')//
Insert into ROLE_MASTER (ROLE_ID,ROLE_NAME,ROLE_TYPE_ID,ROLE_GROUP_ID,ACTIVE,CREATED_DATE,CREATED_USER,MODIFIED_DATE,MODIFIED_USER) values (8,'Bid Manager',1,2,'Y',SYSDATE,'Initial Load',SYSDATE,'Initial Load')//
Insert into ROLE_MASTER (ROLE_ID,ROLE_NAME,ROLE_TYPE_ID,ROLE_GROUP_ID,ACTIVE,CREATED_DATE,CREATED_USER,MODIFIED_DATE,MODIFIED_USER) values (9,'Commercial Change Manager',1,2,'Y',SYSDATE,'Initial Load',SYSDATE,'Initial Load')//
Insert into ROLE_MASTER (ROLE_ID,ROLE_NAME,ROLE_TYPE_ID,ROLE_GROUP_ID,ACTIVE,CREATED_DATE,CREATED_USER,MODIFIED_DATE,MODIFIED_USER) values (10,'Technical Manager',1,2,'Y',SYSDATE,'Initial Load',SYSDATE,'Initial Load')//
Insert into ROLE_MASTER (ROLE_ID,ROLE_NAME,ROLE_TYPE_ID,ROLE_GROUP_ID,ACTIVE,CREATED_DATE,CREATED_USER,MODIFIED_DATE,MODIFIED_USER) values (11,'Billing Team Manager',1,2,'Y',SYSDATE,'Initial Load',SYSDATE,'Initial Load')//
Insert into ROLE_MASTER (ROLE_ID,ROLE_NAME,ROLE_TYPE_ID,ROLE_GROUP_ID,ACTIVE,CREATED_DATE,CREATED_USER,MODIFIED_DATE,MODIFIED_USER) values (12,'Admin CP',2,2,'Y',SYSDATE,'Initial Load',SYSDATE,'Initial Load')//
Insert into ROLE_MASTER (ROLE_ID,ROLE_NAME,ROLE_TYPE_ID,ROLE_GROUP_ID,ACTIVE,CREATED_DATE,CREATED_USER,MODIFIED_DATE,MODIFIED_USER) values (14,'Controller',1,1,'Y',SYSDATE,'Initial Load',SYSDATE,'Initial Load')//
Insert into ROLE_MASTER (ROLE_ID,ROLE_NAME,ROLE_TYPE_ID,ROLE_GROUP_ID,ACTIVE,CREATED_DATE,CREATED_USER,MODIFIED_DATE,MODIFIED_USER) values (15,'Evaluator',1,1,'Y',SYSDATE,'Initial Load',SYSDATE,'Initial Load')//
Insert into ROLE_MASTER (ROLE_ID,ROLE_NAME,ROLE_TYPE_ID,ROLE_GROUP_ID,ACTIVE,CREATED_DATE,CREATED_USER,MODIFIED_DATE,MODIFIED_USER) values (16,'Super User',1,1,'Y',SYSDATE,'Initial Load',SYSDATE,'Initial Load')//
Insert into ROLE_MASTER (ROLE_ID,ROLE_NAME,ROLE_TYPE_ID,ROLE_GROUP_ID,ACTIVE,CREATED_DATE,CREATED_USER,MODIFIED_DATE,MODIFIED_USER) values (17,'Data Build',1,1,'Y',SYSDATE,'Initial Load',SYSDATE,'Initial Load')//

Insert into USER_ROLE (USER_ID,ROLE_ID,CREATED_DATE,CREATED_USER,DEFAULT_ROLE) values ('608143048',14,SYSDATE,'Initial Load','Y')//
Insert into USER_ROLE (USER_ID,ROLE_ID,CREATED_DATE,CREATED_USER,DEFAULT_ROLE) values ('608143048',15,SYSDATE,'Initial Load','N')//
Insert into USER_ROLE (USER_ID,ROLE_ID,CREATED_DATE,CREATED_USER,DEFAULT_ROLE) values ('608143048',16,SYSDATE,'Initial Load','N')//
Insert into USER_ROLE (USER_ID,ROLE_ID,CREATED_DATE,CREATED_USER,DEFAULT_ROLE) values ('608143048',17,SYSDATE,'Initial Load','N')//
Insert into USER_ROLE (USER_ID,ROLE_ID,CREATED_DATE,CREATED_USER,DEFAULT_ROLE) values ('607866849',14,SYSDATE,'Initial Load','N')//
Insert into USER_ROLE (USER_ID,ROLE_ID,CREATED_DATE,CREATED_USER,DEFAULT_ROLE) values ('607866849',15,SYSDATE,'Initial Load','N')//
Insert into USER_ROLE (USER_ID,ROLE_ID,CREATED_DATE,CREATED_USER,DEFAULT_ROLE) values ('607866849',16,SYSDATE,'Initial Load','N')//
Insert into USER_ROLE (USER_ID,ROLE_ID,CREATED_DATE,CREATED_USER,DEFAULT_ROLE) values ('607866849',17,SYSDATE,'Initial Load','N')//
Insert into USER_ROLE (USER_ID,ROLE_ID,CREATED_DATE,CREATED_USER,DEFAULT_ROLE) values ('608044000',14,SYSDATE,'Initial Load','N')//
Insert into USER_ROLE (USER_ID,ROLE_ID,CREATED_DATE,CREATED_USER,DEFAULT_ROLE) values ('608044000',15,SYSDATE,'Initial Load','N')//
Insert into USER_ROLE (USER_ID,ROLE_ID,CREATED_DATE,CREATED_USER,DEFAULT_ROLE) values ('608044000',16,SYSDATE,'Initial Load','Y')//
Insert into USER_ROLE (USER_ID,ROLE_ID,CREATED_DATE,CREATED_USER,DEFAULT_ROLE) values ('608044000',17,SYSDATE,'Initial Load','N')//
Insert into USER_ROLE (USER_ID,ROLE_ID,CREATED_DATE,CREATED_USER,DEFAULT_ROLE) values ('608058748',14,SYSDATE,'Initial Load','N')//
Insert into USER_ROLE (USER_ID,ROLE_ID,CREATED_DATE,CREATED_USER,DEFAULT_ROLE) values ('608058748',15,SYSDATE,'Initial Load','Y')//
Insert into USER_ROLE (USER_ID,ROLE_ID,CREATED_DATE,CREATED_USER,DEFAULT_ROLE) values ('608058748',16,SYSDATE,'Initial Load','N')//
Insert into USER_ROLE (USER_ID,ROLE_ID,CREATED_DATE,CREATED_USER,DEFAULT_ROLE) values ('608058748',17,SYSDATE,'Initial Load','N')//

Insert into SALES_CHANNEL_MASTER (SALES_CHANNEL_ID,SALES_CHANNEL_NAME,ROLE_TYPE_ID,CREATED_DATE,CREATED_USER,MODIFIED_DATE,MODIFIED_USER,GFR_CODE) values ('1','BT BELGIUM',1,SYSDATE,'Initial Load',SYSDATE,'Initial Load',1)//
Insert into SALES_CHANNEL_MASTER (SALES_CHANNEL_ID,SALES_CHANNEL_NAME,ROLE_TYPE_ID,CREATED_DATE,CREATED_USER,MODIFIED_DATE,MODIFIED_USER,GFR_CODE) values ('5','TELSTRA CORPORATION LIMITED',1,SYSDATE,'Initial Load',SYSDATE,'Initial Load',1)//
Insert into SALES_CHANNEL_MASTER (SALES_CHANNEL_ID,SALES_CHANNEL_NAME,ROLE_TYPE_ID,CREATED_DATE,CREATED_USER,MODIFIED_DATE,MODIFIED_USER,GFR_CODE) values ('2','BT LUXEMBOURG',1,SYSDATE,'Initial Load',SYSDATE,'Initial Load',1)//
Insert into SALES_CHANNEL_MASTER (SALES_CHANNEL_ID,SALES_CHANNEL_NAME,ROLE_TYPE_ID,CREATED_DATE,CREATED_USER,MODIFIED_DATE,MODIFIED_USER,GFR_CODE) values ('6','BT AMERICAS',1,SYSDATE,'Initial Load',SYSDATE,'Initial Load',1)//
Insert into SALES_CHANNEL_MASTER (SALES_CHANNEL_ID,SALES_CHANNEL_NAME,ROLE_TYPE_ID,CREATED_DATE,CREATED_USER,MODIFIED_DATE,MODIFIED_USER,GFR_CODE) values ('3','BTGS UK',1,SYSDATE,'Initial Load',SYSDATE,'Initial Load',1)//
Insert into SALES_CHANNEL_MASTER (SALES_CHANNEL_ID,SALES_CHANNEL_NAME,ROLE_TYPE_ID,CREATED_DATE,CREATED_USER,MODIFIED_DATE,MODIFIED_USER,GFR_CODE) values ('7','TELSTRA CORPORATION LIMITED',1,SYSDATE,'Initial Load',SYSDATE,'Initial Load',1)//
Insert into SALES_CHANNEL_MASTER (SALES_CHANNEL_ID,SALES_CHANNEL_NAME,ROLE_TYPE_ID,CREATED_DATE,CREATED_USER,MODIFIED_DATE,MODIFIED_USER,GFR_CODE) values ('4','BT GERMANY',1,SYSDATE,'Initial Load',SYSDATE,'Initial Load',1)//
Insert into SALES_CHANNEL_MASTER (SALES_CHANNEL_ID,SALES_CHANNEL_NAME,ROLE_TYPE_ID,CREATED_DATE,CREATED_USER,MODIFIED_DATE,MODIFIED_USER,GFR_CODE) values ('8','BT FRANCE',1,SYSDATE,'Initial Load',SYSDATE,'Initial Load',1)//

Insert into USER_SALES_CHANNEL (USER_ID,SALES_CHANNEL_ID,CREATED_DATE,CREATED_USER,MODIFIED_DATE,MODIFIED_USER,DEFAULT_SALES_CHANNEL) values ('608143048','1',SYSDATE,'Initial Load',SYSDATE,'Initial Load','N')//
Insert into USER_SALES_CHANNEL (USER_ID,SALES_CHANNEL_ID,CREATED_DATE,CREATED_USER,MODIFIED_DATE,MODIFIED_USER,DEFAULT_SALES_CHANNEL) values ('608143048','2',SYSDATE,'Initial Load',SYSDATE,'Initial Load','N')//
Insert into USER_SALES_CHANNEL (USER_ID,SALES_CHANNEL_ID,CREATED_DATE,CREATED_USER,MODIFIED_DATE,MODIFIED_USER,DEFAULT_SALES_CHANNEL) values ('608143048','3',SYSDATE,'Initial Load',SYSDATE,'Initial Load','N')//
Insert into USER_SALES_CHANNEL (USER_ID,SALES_CHANNEL_ID,CREATED_DATE,CREATED_USER,MODIFIED_DATE,MODIFIED_USER,DEFAULT_SALES_CHANNEL) values ('608143048','4',SYSDATE,'Initial Load',SYSDATE,'Initial Load','N')//
Insert into USER_SALES_CHANNEL (USER_ID,SALES_CHANNEL_ID,CREATED_DATE,CREATED_USER,MODIFIED_DATE,MODIFIED_USER,DEFAULT_SALES_CHANNEL) values ('608143048','5',SYSDATE,'Initial Load',SYSDATE,'Initial Load','N')//
Insert into USER_SALES_CHANNEL (USER_ID,SALES_CHANNEL_ID,CREATED_DATE,CREATED_USER,MODIFIED_DATE,MODIFIED_USER,DEFAULT_SALES_CHANNEL) values ('608143048','6',SYSDATE,'Initial Load',SYSDATE,'Initial Load','N')//
Insert into USER_SALES_CHANNEL (USER_ID,SALES_CHANNEL_ID,CREATED_DATE,CREATED_USER,MODIFIED_DATE,MODIFIED_USER,DEFAULT_SALES_CHANNEL) values ('608143048','7',SYSDATE,'Initial Load',SYSDATE,'Initial Load','N')//
Insert into USER_SALES_CHANNEL (USER_ID,SALES_CHANNEL_ID,CREATED_DATE,CREATED_USER,MODIFIED_DATE,MODIFIED_USER,DEFAULT_SALES_CHANNEL) values ('608143048','8',SYSDATE,'Initial Load',SYSDATE,'Initial Load','N')//
Insert into USER_SALES_CHANNEL (USER_ID,SALES_CHANNEL_ID,CREATED_DATE,CREATED_USER,MODIFIED_DATE,MODIFIED_USER,DEFAULT_SALES_CHANNEL) values ('607866849','1',SYSDATE,'Initial Load',SYSDATE,'Initial Load','N')//
Insert into USER_SALES_CHANNEL (USER_ID,SALES_CHANNEL_ID,CREATED_DATE,CREATED_USER,MODIFIED_DATE,MODIFIED_USER,DEFAULT_SALES_CHANNEL) values ('607866849','2',SYSDATE,'Initial Load',SYSDATE,'Initial Load','N')//
Insert into USER_SALES_CHANNEL (USER_ID,SALES_CHANNEL_ID,CREATED_DATE,CREATED_USER,MODIFIED_DATE,MODIFIED_USER,DEFAULT_SALES_CHANNEL) values ('607866849','3',SYSDATE,'Initial Load',SYSDATE,'Initial Load','N')//
Insert into USER_SALES_CHANNEL (USER_ID,SALES_CHANNEL_ID,CREATED_DATE,CREATED_USER,MODIFIED_DATE,MODIFIED_USER,DEFAULT_SALES_CHANNEL) values ('607866849','4',SYSDATE,'Initial Load',SYSDATE,'Initial Load','N')//
Insert into USER_SALES_CHANNEL (USER_ID,SALES_CHANNEL_ID,CREATED_DATE,CREATED_USER,MODIFIED_DATE,MODIFIED_USER,DEFAULT_SALES_CHANNEL) values ('607866849','5',SYSDATE,'Initial Load',SYSDATE,'Initial Load','N')//
Insert into USER_SALES_CHANNEL (USER_ID,SALES_CHANNEL_ID,CREATED_DATE,CREATED_USER,MODIFIED_DATE,MODIFIED_USER,DEFAULT_SALES_CHANNEL) values ('607866849','6',SYSDATE,'Initial Load',SYSDATE,'Initial Load','N')//
Insert into USER_SALES_CHANNEL (USER_ID,SALES_CHANNEL_ID,CREATED_DATE,CREATED_USER,MODIFIED_DATE,MODIFIED_USER,DEFAULT_SALES_CHANNEL) values ('607866849','7',SYSDATE,'Initial Load',SYSDATE,'Initial Load','N')//
Insert into USER_SALES_CHANNEL (USER_ID,SALES_CHANNEL_ID,CREATED_DATE,CREATED_USER,MODIFIED_DATE,MODIFIED_USER,DEFAULT_SALES_CHANNEL) values ('608044000','1',SYSDATE,'Initial Load',SYSDATE,'Initial Load','N')//
Insert into USER_SALES_CHANNEL (USER_ID,SALES_CHANNEL_ID,CREATED_DATE,CREATED_USER,MODIFIED_DATE,MODIFIED_USER,DEFAULT_SALES_CHANNEL) values ('608044000','2',SYSDATE,'Initial Load',SYSDATE,'Initial Load','N')//
Insert into USER_SALES_CHANNEL (USER_ID,SALES_CHANNEL_ID,CREATED_DATE,CREATED_USER,MODIFIED_DATE,MODIFIED_USER,DEFAULT_SALES_CHANNEL) values ('608044000','3',SYSDATE,'Initial Load',SYSDATE,'Initial Load','N')//
Insert into USER_SALES_CHANNEL (USER_ID,SALES_CHANNEL_ID,CREATED_DATE,CREATED_USER,MODIFIED_DATE,MODIFIED_USER,DEFAULT_SALES_CHANNEL) values ('608044000','4',SYSDATE,'Initial Load',SYSDATE,'Initial Load','N')//
Insert into USER_SALES_CHANNEL (USER_ID,SALES_CHANNEL_ID,CREATED_DATE,CREATED_USER,MODIFIED_DATE,MODIFIED_USER,DEFAULT_SALES_CHANNEL) values ('608044000','5',SYSDATE,'Initial Load',SYSDATE,'Initial Load','N')//
Insert into USER_SALES_CHANNEL (USER_ID,SALES_CHANNEL_ID,CREATED_DATE,CREATED_USER,MODIFIED_DATE,MODIFIED_USER,DEFAULT_SALES_CHANNEL) values ('608044000','6',SYSDATE,'Initial Load',SYSDATE,'Initial Load','N')//
Insert into USER_SALES_CHANNEL (USER_ID,SALES_CHANNEL_ID,CREATED_DATE,CREATED_USER,MODIFIED_DATE,MODIFIED_USER,DEFAULT_SALES_CHANNEL) values ('608044000','7',SYSDATE,'Initial Load',SYSDATE,'Initial Load','N')//
Insert into USER_SALES_CHANNEL (USER_ID,SALES_CHANNEL_ID,CREATED_DATE,CREATED_USER,MODIFIED_DATE,MODIFIED_USER,DEFAULT_SALES_CHANNEL) values ('608044000','8',SYSDATE,'Initial Load',SYSDATE,'Initial Load','N')//
Insert into USER_SALES_CHANNEL (USER_ID,SALES_CHANNEL_ID,CREATED_DATE,CREATED_USER,MODIFIED_DATE,MODIFIED_USER,DEFAULT_SALES_CHANNEL) values ('608058748','1',SYSDATE,'Initial Load',SYSDATE,'Initial Load','N')//
Insert into USER_SALES_CHANNEL (USER_ID,SALES_CHANNEL_ID,CREATED_DATE,CREATED_USER,MODIFIED_DATE,MODIFIED_USER,DEFAULT_SALES_CHANNEL) values ('608058748','2',SYSDATE,'Initial Load',SYSDATE,'Initial Load','N')//
Insert into USER_SALES_CHANNEL (USER_ID,SALES_CHANNEL_ID,CREATED_DATE,CREATED_USER,MODIFIED_DATE,MODIFIED_USER,DEFAULT_SALES_CHANNEL) values ('608058748','3',SYSDATE,'Initial Load',SYSDATE,'Initial Load','N')//
Insert into USER_SALES_CHANNEL (USER_ID,SALES_CHANNEL_ID,CREATED_DATE,CREATED_USER,MODIFIED_DATE,MODIFIED_USER,DEFAULT_SALES_CHANNEL) values ('608058748','4',SYSDATE,'Initial Load',SYSDATE,'Initial Load','N')//
Insert into USER_SALES_CHANNEL (USER_ID,SALES_CHANNEL_ID,CREATED_DATE,CREATED_USER,MODIFIED_DATE,MODIFIED_USER,DEFAULT_SALES_CHANNEL) values ('608058748','5',SYSDATE,'Initial Load',SYSDATE,'Initial Load','N')//
Insert into USER_SALES_CHANNEL (USER_ID,SALES_CHANNEL_ID,CREATED_DATE,CREATED_USER,MODIFIED_DATE,MODIFIED_USER,DEFAULT_SALES_CHANNEL) values ('608058748','6',SYSDATE,'Initial Load',SYSDATE,'Initial Load','N')//
Insert into USER_SALES_CHANNEL (USER_ID,SALES_CHANNEL_ID,CREATED_DATE,CREATED_USER,MODIFIED_DATE,MODIFIED_USER,DEFAULT_SALES_CHANNEL) values ('608058748','7',SYSDATE,'Initial Load',SYSDATE,'Initial Load','N')//
Insert into USER_SALES_CHANNEL (USER_ID,SALES_CHANNEL_ID,CREATED_DATE,CREATED_USER,MODIFIED_DATE,MODIFIED_USER,DEFAULT_SALES_CHANNEL) values ('608058748','8',SYSDATE,'Initial Load',SYSDATE,'Initial Load','N')//